name,type,path
README.md,File,README.md
CHANGELOG.md,File,CHANGELOG.md
Branchproof,Module,Branchproof.md
Branchproof.VERSION,Constant,Branchproof.md#constant-VERSION
Branchproof::Limits,Module,Branchproof/Limits.md
Branchproof::Limits.KEYS,Constant,Branchproof/Limits.md#constant-KEYS
Branchproof::Limits.DEFAULTS,Constant,Branchproof/Limits.md#constant-DEFAULTS
Branchproof::Limits.default,Method,Branchproof/Limits.md#method-c-default
Branchproof::Limits.normalize,Method,Branchproof/Limits.md#method-c-normalize
Branchproof::Worker,Module,Branchproof/Worker.md
Branchproof::Worker.adapter_for,Method,Branchproof/Worker.md#method-c-adapter_for
Branchproof::Worker.boot_project,Method,Branchproof/Worker.md#method-c-boot_project
Branchproof::Worker.child_process,Method,Branchproof/Worker.md#method-c-child_process
Branchproof::Worker.completion_result,Method,Branchproof/Worker.md#method-c-completion_result
Branchproof::Worker.guard_late_rspec_execution,Method,Branchproof/Worker.md#method-c-guard_late_rspec_execution
Branchproof::Worker.incomplete_evidence,Method,Branchproof/Worker.md#method-c-incomplete_evidence
Branchproof::Worker.legacy_project,Method,Branchproof/Worker.md#method-c-legacy_project
Branchproof::Worker.normalize,Method,Branchproof/Worker.md#method-c-normalize
Branchproof::Worker.prepend_load_paths,Method,Branchproof/Worker.md#method-c-prepend_load_paths
Branchproof::Worker.project_metadata,Method,Branchproof/Worker.md#method-c-project_metadata
Branchproof::Worker.project_metadata_for,Method,Branchproof/Worker.md#method-c-project_metadata_for
Branchproof::Worker.symbolize,Method,Branchproof/Worker.md#method-c-symbolize
Branchproof::Worker.write_completion,Method,Branchproof/Worker.md#method-c-write_completion
Branchproof::Worker.write_failure,Method,Branchproof/Worker.md#method-c-write_failure
Branchproof::Records,Module,Branchproof/Records.md
Branchproof::Records.build,Method,Branchproof/Records.md#method-c-build
Branchproof::Records.canonical,Method,Branchproof/Records.md#method-c-canonical
Branchproof::Records.condition_id,Method,Branchproof/Records.md#method-c-condition_id
Branchproof::Records.decision_id,Method,Branchproof/Records.md#method-c-decision_id
Branchproof::Records.deep_freeze,Method,Branchproof/Records.md#method-c-deep_freeze
Branchproof::Records.diagnostic,Method,Branchproof/Records.md#method-c-diagnostic
Branchproof::Records.id,Method,Branchproof/Records.md#method-c-id
Branchproof::Records.normalize,Method,Branchproof/Records.md#method-c-normalize
Branchproof::Records.normalize_unknown,Method,Branchproof/Records.md#method-c-normalize_unknown
Branchproof::Records.source_id,Method,Branchproof/Records.md#method-c-source_id
Branchproof::Runtime,Module,Branchproof/Runtime.md
Branchproof::Runtime.FRAME_STATE_KEY,Constant,Branchproof/Runtime.md#constant-FRAME_STATE_KEY
Branchproof::Runtime.boot,Method,Branchproof/Runtime.md#method-c-boot
Branchproof::Runtime.condition,Method,Branchproof/Runtime.md#method-c-condition
Branchproof::Runtime.context,Method,Branchproof/Runtime.md#method-c-context
Branchproof::Runtime.default_binding,Method,Branchproof/Runtime.md#method-c-default_binding
Branchproof::Runtime.diagnostics,Method,Branchproof/Runtime.md#method-c-diagnostics
Branchproof::Runtime.dispatch_path,Method,Branchproof/Runtime.md#method-c-dispatch_path
Branchproof::Runtime.enter,Method,Branchproof/Runtime.md#method-c-enter
Branchproof::Runtime.exception_enter,Method,Branchproof/Runtime.md#method-c-exception_enter
Branchproof::Runtime.exception_finish,Method,Branchproof/Runtime.md#method-c-exception_finish
Branchproof::Runtime.exception_leave,Method,Branchproof/Runtime.md#method-c-exception_leave
Branchproof::Runtime.exception_path,Method,Branchproof/Runtime.md#method-c-exception_path
Branchproof::Runtime.exception_unhandled,Method,Branchproof/Runtime.md#method-c-exception_unhandled
Branchproof::Runtime.exception_value,Method,Branchproof/Runtime.md#method-c-exception_value
Branchproof::Runtime.fallback_operand,Method,Branchproof/Runtime.md#method-c-fallback_operand
Branchproof::Runtime.finish,Method,Branchproof/Runtime.md#method-c-finish
Branchproof::Runtime.flow_assignment_finish,Method,Branchproof/Runtime.md#method-c-flow_assignment_finish
Branchproof::Runtime.flow_assignment_path,Method,Branchproof/Runtime.md#method-c-flow_assignment_path
Branchproof::Runtime.flow_assignment_receiver,Method,Branchproof/Runtime.md#method-c-flow_assignment_receiver
Branchproof::Runtime.flow_candidate,Method,Branchproof/Runtime.md#method-c-flow_candidate
Branchproof::Runtime.flow_finish,Method,Branchproof/Runtime.md#method-c-flow_finish
Branchproof::Runtime.flow_iteration_begin,Method,Branchproof/Runtime.md#method-c-flow_iteration_begin
Branchproof::Runtime.flow_iteration_callback,Method,Branchproof/Runtime.md#method-c-flow_iteration_callback
Branchproof::Runtime.flow_iteration_finish,Method,Branchproof/Runtime.md#method-c-flow_iteration_finish
Branchproof::Runtime.flow_iteration_leave,Method,Branchproof/Runtime.md#method-c-flow_iteration_leave
Branchproof::Runtime.flow_path,Method,Branchproof/Runtime.md#method-c-flow_path
Branchproof::Runtime.flow_receiver,Method,Branchproof/Runtime.md#method-c-flow_receiver
Branchproof::Runtime.flow_select,Method,Branchproof/Runtime.md#method-c-flow_select
Branchproof::Runtime.flow_selected,Method,Branchproof/Runtime.md#method-c-flow_selected
Branchproof::Runtime.leave,Method,Branchproof/Runtime.md#method-c-leave
Branchproof::Runtime.register_test,Method,Branchproof/Runtime.md#method-c-register_test
Branchproof::Runtime.set_alternative_count,Method,Branchproof/Runtime.md#method-c-set_alternative_count
Branchproof::Runtime.snapshot,Method,Branchproof/Runtime.md#method-c-snapshot
Branchproof::Runtime.test_phase_counts,Method,Branchproof/Runtime.md#method-c-test_phase_counts
Branchproof::Runtime.value_path,Method,Branchproof/Runtime.md#method-c-value_path
Branchproof::Constraints,Module,Branchproof/Constraints.md
Branchproof::Constraints.VERSION,Constant,Branchproof/Constraints.md#constant-VERSION
Branchproof::Constraints.NUMERIC_OPERATORS,Constant,Branchproof/Constraints.md#constant-NUMERIC_OPERATORS
Branchproof::Constraints.COMPARISON_OPERATORS,Constant,Branchproof/Constraints.md#constant-COMPARISON_OPERATORS
Branchproof::Constraints.OPERATORS,Constant,Branchproof/Constraints.md#constant-OPERATORS
Branchproof::Constraints.FLIPPED,Constant,Branchproof/Constraints.md#constant-FLIPPED
Branchproof::Constraints.NUMERIC_TYPES,Constant,Branchproof/Constraints.md#constant-NUMERIC_TYPES
Branchproof::Constraints.FALSEY_TYPES,Constant,Branchproof/Constraints.md#constant-FALSEY_TYPES
Branchproof::Constraints.LITERAL_TYPES,Constant,Branchproof/Constraints.md#constant-LITERAL_TYPES
Branchproof::Constraints.SUBJECT_KINDS,Constant,Branchproof/Constraints.md#constant-SUBJECT_KINDS
Branchproof::Constraints.REASONS,Constant,Branchproof/Constraints.md#constant-REASONS
Branchproof::Constraints.REASON_MESSAGES,Constant,Branchproof/Constraints.md#constant-REASON_MESSAGES
Branchproof::Constraints.comparison_constraint,Method,Branchproof/Constraints.md#method-c-comparison_constraint
Branchproof::Constraints.for_node,Method,Branchproof/Constraints.md#method-c-for_node
Branchproof::Constraints.literal_for,Method,Branchproof/Constraints.md#method-c-literal_for
Branchproof::Constraints.message,Method,Branchproof/Constraints.md#method-c-message
Branchproof::Constraints.mixed_numeric_literals?,Method,Branchproof/Constraints.md#method-c-mixed_numeric_literals-3F
Branchproof::Constraints.nil_constraint,Method,Branchproof/Constraints.md#method-c-nil_constraint
Branchproof::Constraints.numeric?,Method,Branchproof/Constraints.md#method-c-numeric-3F
Branchproof::Constraints.same_literal?,Method,Branchproof/Constraints.md#method-c-same_literal-3F
Branchproof::Constraints.simple_call?,Method,Branchproof/Constraints.md#method-c-simple_call-3F
Branchproof::Constraints.single_argument,Method,Branchproof/Constraints.md#method-c-single_argument
Branchproof::Constraints.subject_for,Method,Branchproof/Constraints.md#method-c-subject_for
Branchproof::Constraints.subject_key,Method,Branchproof/Constraints.md#method-c-subject_key
Branchproof::Constraints.symbolize,Method,Branchproof/Constraints.md#method-c-symbolize
Branchproof::Constraints.usable?,Method,Branchproof/Constraints.md#method-c-usable-3F
Branchproof::Constraints.valid_literal_value?,Method,Branchproof/Constraints.md#method-c-valid_literal_value-3F
Branchproof::RuntimeFlow,Module,Branchproof/RuntimeFlow.md
Branchproof::RuntimeFlow.flow_candidate,Method,Branchproof/RuntimeFlow.md#method-i-flow_candidate
Branchproof::RuntimeFlow.flow_finish,Method,Branchproof/RuntimeFlow.md#method-i-flow_finish
Branchproof::RuntimeFlow.flow_path,Method,Branchproof/RuntimeFlow.md#method-i-flow_path
Branchproof::RuntimeFlow.flow_receiver,Method,Branchproof/RuntimeFlow.md#method-i-flow_receiver
Branchproof::RuntimeFlow.flow_select,Method,Branchproof/RuntimeFlow.md#method-i-flow_select
Branchproof::RuntimeFlow.flow_selected,Method,Branchproof/RuntimeFlow.md#method-i-flow_selected
Branchproof::ValueSyntax,Module,Branchproof/ValueSyntax.md
Branchproof::ValueSyntax.BOOLEAN_OPERATORS,Constant,Branchproof/ValueSyntax.md#constant-BOOLEAN_OPERATORS
Branchproof::ValueSyntax.DISPATCH_METHODS,Constant,Branchproof/ValueSyntax.md#constant-DISPATCH_METHODS
Branchproof::ValueSyntax.additional_decisions_for,Method,Branchproof/ValueSyntax.md#method-i-additional_decisions_for
Branchproof::ValueSyntax.value_decisions_for,Method,Branchproof/ValueSyntax.md#method-i-value_decisions_for
Branchproof::RailsSupport,Module,Branchproof/RailsSupport.md
Branchproof::RailsSupport.SUPPORTED_RAILS,Constant,Branchproof/RailsSupport.md#constant-SUPPORTED_RAILS
Branchproof::RailsSupport.SUPPORTED_RSPEC_RAILS_MAJOR,Constant,Branchproof/RailsSupport.md#constant-SUPPORTED_RSPEC_RAILS_MAJOR
Branchproof::RailsSupport.SUPPORTED_CAPYBARA_DRIVER,Constant,Branchproof/RailsSupport.md#constant-SUPPORTED_CAPYBARA_DRIVER
Branchproof::RailsSupport.boot,Method,Branchproof/RailsSupport.md#method-c-boot
Branchproof::RailsSupport.boot_environment,Method,Branchproof/RailsSupport.md#method-c-boot_environment
Branchproof::RailsSupport.environment_path,Method,Branchproof/RailsSupport.md#method-c-environment_path
Branchproof::RailsSupport.install_rspec_driver_guard!,Method,Branchproof/RailsSupport.md#method-c-install_rspec_driver_guard-21
Branchproof::RailsSupport.metadata,Method,Branchproof/RailsSupport.md#method-c-metadata
Branchproof::RailsSupport.rails_application,Method,Branchproof/RailsSupport.md#method-c-rails_application
Branchproof::RailsSupport.reloading_enabled?,Method,Branchproof/RailsSupport.md#method-c-reloading_enabled-3F
Branchproof::RailsSupport.rspec_rails_version,Method,Branchproof/RailsSupport.md#method-c-rspec_rails_version
Branchproof::RailsSupport.validate_application!,Method,Branchproof/RailsSupport.md#method-c-validate_application-21
Branchproof::RailsSupport.validate_rspec!,Method,Branchproof/RailsSupport.md#method-c-validate_rspec-21
Branchproof::RailsSupport.validate_rspec_driver!,Method,Branchproof/RailsSupport.md#method-c-validate_rspec_driver-21
Branchproof::RailsSupport.validate_test_environment,Method,Branchproof/RailsSupport.md#method-c-validate_test_environment
Branchproof::RailsSupport.validate_version_tuple!,Method,Branchproof/RailsSupport.md#method-c-validate_version_tuple-21
Branchproof::RSpecAdapter::DefaultDiscovery,Module,Branchproof/RSpecAdapter/DefaultDiscovery.md
Branchproof::RSpecAdapter::DefaultDiscovery.configure,Method,Branchproof/RSpecAdapter/DefaultDiscovery.md#method-i-configure
Branchproof::RSpecAdapter::ClassRunnerGuard,Module,Branchproof/RSpecAdapter/ClassRunnerGuard.md
Branchproof::RSpecAdapter::ClassRunnerGuard.run,Method,Branchproof/RSpecAdapter/ClassRunnerGuard.md#method-i-run
Branchproof::RSpecAdapter::RunnerGuard,Module,Branchproof/RSpecAdapter/RunnerGuard.md
Branchproof::RSpecAdapter::RunnerGuard.run,Method,Branchproof/RSpecAdapter/RunnerGuard.md#method-i-run
Branchproof::RSpecAdapter::ExampleLifecycle,Module,Branchproof/RSpecAdapter/ExampleLifecycle.md
Branchproof::RSpecAdapter::ExampleLifecycle.run,Method,Branchproof/RSpecAdapter/ExampleLifecycle.md#method-i-run
Branchproof::RSpecAdapter::ContextLifecycle,Module,Branchproof/RSpecAdapter/ContextLifecycle.md
Branchproof::RSpecAdapter::ContextLifecycle.run_after_context_hooks,Method,Branchproof/RSpecAdapter/ContextLifecycle.md#method-i-run_after_context_hooks
Branchproof::RSpecAdapter::ContextLifecycle.run_before_context_hooks,Method,Branchproof/RSpecAdapter/ContextLifecycle.md#method-i-run_before_context_hooks
Branchproof::ValueRuntime,Module,Branchproof/ValueRuntime.md
Branchproof::ValueRuntime.dispatch_path,Method,Branchproof/ValueRuntime.md#method-i-dispatch_path
Branchproof::ValueRuntime.set_alternative_count,Method,Branchproof/ValueRuntime.md#method-i-set_alternative_count
Branchproof::ValueRuntime.value_path,Method,Branchproof/ValueRuntime.md#method-i-value_path
Branchproof::ValueRuntime.comparison_index,Method,Branchproof/ValueRuntime.md#method-c-comparison_index
Branchproof::DecisionTable,Module,Branchproof/DecisionTable.md
Branchproof::DecisionTable.SCHEMA_VERSION,Constant,Branchproof/DecisionTable.md#constant-SCHEMA_VERSION
Branchproof::DecisionTable.CONSTRAINT_ANALYSIS_VERSION,Constant,Branchproof/DecisionTable.md#constant-CONSTRAINT_ANALYSIS_VERSION
Branchproof::DecisionTable.TRUE_VALUE,Constant,Branchproof/DecisionTable.md#constant-TRUE_VALUE
Branchproof::DecisionTable.FALSE_VALUE,Constant,Branchproof/DecisionTable.md#constant-FALSE_VALUE
Branchproof::DecisionTable.DONT_CARE,Constant,Branchproof/DecisionTable.md#constant-DONT_CARE
Branchproof::DecisionTable.VALUE_LABELS,Constant,Branchproof/DecisionTable.md#constant-VALUE_LABELS
Branchproof::DecisionTable.CONDITION_VALUES,Constant,Branchproof/DecisionTable.md#constant-CONDITION_VALUES
Branchproof::DecisionTable.REACHABILITY_STATUSES,Constant,Branchproof/DecisionTable.md#constant-REACHABILITY_STATUSES
Branchproof::DecisionTable.COVERAGE_STATUSES,Constant,Branchproof/DecisionTable.md#constant-COVERAGE_STATUSES
Branchproof::DecisionTable.TABLE_STATUSES,Constant,Branchproof/DecisionTable.md#constant-TABLE_STATUSES
Branchproof::DecisionTable.COVERAGE_SUMMARY_STATUSES,Constant,Branchproof/DecisionTable.md#constant-COVERAGE_SUMMARY_STATUSES
Branchproof::DecisionTable.NOT_CALCULATED_REASONS,Constant,Branchproof/DecisionTable.md#constant-NOT_CALCULATED_REASONS
Branchproof::DecisionTable.DEFAULT_MAX_CONDITIONS,Constant,Branchproof/DecisionTable.md#constant-DEFAULT_MAX_CONDITIONS
Branchproof::DecisionTable.DEFAULT_MAX_RULES,Constant,Branchproof/DecisionTable.md#constant-DEFAULT_MAX_RULES
Branchproof::DecisionTable.build,Method,Branchproof/DecisionTable.md#method-c-build
Branchproof::DecisionTable.classify_vectors,Method,Branchproof/DecisionTable.md#method-c-classify_vectors
Branchproof::DecisionTable.combine,Method,Branchproof/DecisionTable.md#method-c-combine
Branchproof::DecisionTable.coverage_entry,Method,Branchproof/DecisionTable.md#method-c-coverage_entry
Branchproof::DecisionTable.coverage_status,Method,Branchproof/DecisionTable.md#method-c-coverage_status
Branchproof::DecisionTable.enumerate,Method,Branchproof/DecisionTable.md#method-c-enumerate
Branchproof::DecisionTable.fast_match_positions,Method,Branchproof/DecisionTable.md#method-c-fast_match_positions
Branchproof::DecisionTable.fetch,Method,Branchproof/DecisionTable.md#method-c-fetch
Branchproof::DecisionTable.generic_matches,Method,Branchproof/DecisionTable.md#method-c-generic_matches
Branchproof::DecisionTable.limit,Method,Branchproof/DecisionTable.md#method-c-limit
Branchproof::DecisionTable.matches?,Method,Branchproof/DecisionTable.md#method-c-matches-3F
Branchproof::DecisionTable.not_calculated,Method,Branchproof/DecisionTable.md#method-c-not_calculated
Branchproof::DecisionTable.overlay,Method,Branchproof/DecisionTable.md#method-c-overlay
Branchproof::DecisionTable.overlay_rule,Method,Branchproof/DecisionTable.md#method-c-overlay_rule
Branchproof::DecisionTable.overlay_rule_matches,Method,Branchproof/DecisionTable.md#method-c-overlay_rule_matches
Branchproof::DecisionTable.percentage,Method,Branchproof/DecisionTable.md#method-c-percentage
Branchproof::DecisionTable.representable?,Method,Branchproof/DecisionTable.md#method-c-representable-3F
Branchproof::DecisionTable.rule,Method,Branchproof/DecisionTable.md#method-c-rule
Branchproof::DecisionTable.rule_id,Method,Branchproof/DecisionTable.md#method-c-rule_id
Branchproof::DecisionTable.signature,Method,Branchproof/DecisionTable.md#method-c-signature
Branchproof::DecisionTable.static_reachability,Method,Branchproof/DecisionTable.md#method-c-static_reachability
Branchproof::DecisionTable.summary,Method,Branchproof/DecisionTable.md#method-c-summary
Branchproof::DecisionTable.unavailable_reason,Method,Branchproof/DecisionTable.md#method-c-unavailable_reason
Branchproof::DecisionTable.unique_atom_indices?,Method,Branchproof/DecisionTable.md#method-c-unique_atom_indices-3F
Branchproof::DecisionTable.unsupported_coverage_entry,Method,Branchproof/DecisionTable.md#method-c-unsupported_coverage_entry
Branchproof::DefaultSyntax,Module,Branchproof/DefaultSyntax.md
Branchproof::DecisionSyntax,Module,Branchproof/DecisionSyntax.md
Branchproof::DecisionSyntax.OR_WRITE_NODE_CLASSES,Constant,Branchproof/DecisionSyntax.md#constant-OR_WRITE_NODE_CLASSES
Branchproof::DecisionSyntax.AND_WRITE_NODE_CLASSES,Constant,Branchproof/DecisionSyntax.md#constant-AND_WRITE_NODE_CLASSES
Branchproof::DecisionSyntax.flow_decisions_for,Method,Branchproof/DecisionSyntax.md#method-i-flow_decisions_for
Branchproof::DefaultRuntime,Module,Branchproof/DefaultRuntime.md
Branchproof::DefaultRuntime.default_binding,Method,Branchproof/DefaultRuntime.md#method-i-default_binding
Branchproof::FallbackSyntax,Module,Branchproof/FallbackSyntax.md
Branchproof::FallbackSyntax.JUMP_NODES,Constant,Branchproof/FallbackSyntax.md#constant-JUMP_NODES
Branchproof::ChangedCoverage,Module,Branchproof/ChangedCoverage.md
Branchproof::ChangedCoverage.CRITERIA,Constant,Branchproof/ChangedCoverage.md#constant-CRITERIA
Branchproof::ChangedCoverage.COMPLETENESS_FIELDS,Constant,Branchproof/ChangedCoverage.md#constant-COMPLETENESS_FIELDS
Branchproof::ChangedCoverage.call,Method,Branchproof/ChangedCoverage.md#method-c-call
Branchproof::CoverageSummary,Module,Branchproof/CoverageSummary.md
Branchproof::CoverageSummary.alternative_aggregate,Method,Branchproof/CoverageSummary.md#method-c-alternative_aggregate
Branchproof::CoverageSummary.alternative_decision?,Method,Branchproof/CoverageSummary.md#method-c-alternative_decision-3F
Branchproof::CoverageSummary.call,Method,Branchproof/CoverageSummary.md#method-c-call
Branchproof::CoverageSummary.decision_table_aggregate,Method,Branchproof/CoverageSummary.md#method-c-decision_table_aggregate
Branchproof::ExceptionSyntax,Module,Branchproof/ExceptionSyntax.md
Branchproof::FallbackRuntime,Module,Branchproof/FallbackRuntime.md
Branchproof::FallbackRuntime.fallback_operand,Method,Branchproof/FallbackRuntime.md#method-i-fallback_operand
Branchproof::IterationSyntax,Module,Branchproof/IterationSyntax.md
Branchproof::IterationSyntax.ITERATORS,Constant,Branchproof/IterationSyntax.md#constant-ITERATORS
Branchproof::ExceptionRuntime,Module,Branchproof/ExceptionRuntime.md
Branchproof::ExceptionRuntime.exception_enter,Method,Branchproof/ExceptionRuntime.md#method-i-exception_enter
Branchproof::ExceptionRuntime.exception_finish,Method,Branchproof/ExceptionRuntime.md#method-i-exception_finish
Branchproof::ExceptionRuntime.exception_leave,Method,Branchproof/ExceptionRuntime.md#method-i-exception_leave
Branchproof::ExceptionRuntime.exception_path,Method,Branchproof/ExceptionRuntime.md#method-i-exception_path
Branchproof::ExceptionRuntime.exception_unhandled,Method,Branchproof/ExceptionRuntime.md#method-i-exception_unhandled
Branchproof::ExceptionRuntime.exception_value,Method,Branchproof/ExceptionRuntime.md#method-i-exception_value
Branchproof::IterationRuntime,Module,Branchproof/IterationRuntime.md
Branchproof::IterationRuntime.flow_iteration_begin,Method,Branchproof/IterationRuntime.md#method-i-flow_iteration_begin
Branchproof::IterationRuntime.flow_iteration_callback,Method,Branchproof/IterationRuntime.md#method-i-flow_iteration_callback
Branchproof::IterationRuntime.flow_iteration_finish,Method,Branchproof/IterationRuntime.md#method-i-flow_iteration_finish
Branchproof::IterationRuntime.flow_iteration_leave,Method,Branchproof/IterationRuntime.md#method-i-flow_iteration_leave
Branchproof::FlowInstrumentation,Module,Branchproof/FlowInstrumentation.md
Branchproof::ValueInstrumentation,Module,Branchproof/ValueInstrumentation.md
Branchproof::DefaultInstrumentation,Module,Branchproof/DefaultInstrumentation.md
Branchproof::DefaultInstrumentation.rewrite,Method,Branchproof/DefaultInstrumentation.md#method-i-rewrite
Branchproof::FallbackInstrumentation,Module,Branchproof/FallbackInstrumentation.md
Branchproof::ExceptionInstrumentation,Module,Branchproof/ExceptionInstrumentation.md
Branchproof::IterationInstrumentation,Module,Branchproof/IterationInstrumentation.md
Branchproof::ExtendedAlternativeRuntime,Module,Branchproof/ExtendedAlternativeRuntime.md
Branchproof::ExtendedAlternativeRuntime.flow_assignment_finish,Method,Branchproof/ExtendedAlternativeRuntime.md#method-i-flow_assignment_finish
Branchproof::ExtendedAlternativeRuntime.flow_assignment_path,Method,Branchproof/ExtendedAlternativeRuntime.md#method-i-flow_assignment_path
Branchproof::ExtendedAlternativeRuntime.flow_assignment_receiver,Method,Branchproof/ExtendedAlternativeRuntime.md#method-i-flow_assignment_receiver
Branchproof::Error,Class,Branchproof/Error.md
Branchproof::CLI,Class,Branchproof/CLI.md
Branchproof::CLI.VIEWS,Constant,Branchproof/CLI.md#constant-VIEWS
Branchproof::CLI.call,Method,Branchproof/CLI.md#method-i-call
Branchproof::CLI.initialize,Method,Branchproof/CLI.md#method-i-initialize
Branchproof::Loader,Class,Branchproof/Loader.md
Branchproof::Loader.diagnostics,Method,Branchproof/Loader.md#method-i-diagnostics
Branchproof::Loader.initialize,Method,Branchproof/Loader.md#method-i-initialize
Branchproof::Loader.install,Method,Branchproof/Loader.md#method-i-install
Branchproof::Loader.load_iseq,Method,Branchproof/Loader.md#method-i-load_iseq
Branchproof::Report,Class,Branchproof/Report.md
Branchproof::Report.SCHEMA_VERSION,Constant,Branchproof/Report.md#constant-SCHEMA_VERSION
Branchproof::Report.CHANGED_SCOPE_SCHEMA_VERSION,Constant,Branchproof/Report.md#constant-CHANGED_SCOPE_SCHEMA_VERSION
Branchproof::Report.CRITERION_VERSION,Constant,Branchproof/Report.md#constant-CRITERION_VERSION
Branchproof::Report.VIEWS,Constant,Branchproof/Report.md#constant-VIEWS
Branchproof::Report.FORMATS,Constant,Branchproof/Report.md#constant-FORMATS
Branchproof::Report.DECISION_TABLE_LABELS,Constant,Branchproof/Report.md#constant-DECISION_TABLE_LABELS
Branchproof::Report.DECISION_TABLE_STATUS_LABELS,Constant,Branchproof/Report.md#constant-DECISION_TABLE_STATUS_LABELS
Branchproof::Report.CRITERIA_LABELS,Constant,Branchproof/Report.md#constant-CRITERIA_LABELS
Branchproof::Report.changed_coverage_available?,Method,Branchproof/Report.md#method-i-changed_coverage_available-3F
Branchproof::Report.changed_scope_lines,Method,Branchproof/Report.md#method-i-changed_scope_lines
Branchproof::Report.condition_coverage_evidence,Method,Branchproof/Report.md#method-i-condition_coverage_evidence
Branchproof::Report.condition_explanation,Method,Branchproof/Report.md#method-i-condition_explanation
Branchproof::Report.coverage_ladder_lines,Method,Branchproof/Report.md#method-i-coverage_ladder_lines
Branchproof::Report.coverage_policy,Method,Branchproof/Report.md#method-i-coverage_policy
Branchproof::Report.coverage_policy_lines,Method,Branchproof/Report.md#method-i-coverage_policy_lines
Branchproof::Report.coverage_status_label,Method,Branchproof/Report.md#method-i-coverage_status_label
Branchproof::Report.decision_table_expected_heading,Method,Branchproof/Report.md#method-i-decision_table_expected_heading
Branchproof::Report.decision_table_reachability,Method,Branchproof/Report.md#method-i-decision_table_reachability
Branchproof::Report.decision_table_requirement,Method,Branchproof/Report.md#method-i-decision_table_requirement
Branchproof::Report.diagnostic_message,Method,Branchproof/Report.md#method-i-diagnostic_message
Branchproof::Report.display_scope_path,Method,Branchproof/Report.md#method-i-display_scope_path
Branchproof::Report.exit_code,Method,Branchproof/Report.md#method-i-exit_code
Branchproof::Report.initialize,Method,Branchproof/Report.md#method-i-initialize
Branchproof::Report.rerun_command,Method,Branchproof/Report.md#method-i-rerun_command
Branchproof::Report.step_summary,Method,Branchproof/Report.md#method-i-step_summary
Branchproof::Report.write,Method,Branchproof/Report.md#method-i-write
Branchproof::Report.from_document,Method,Branchproof/Report.md#method-c-from_document
Branchproof::Source,Class,Branchproof/Source.md
Branchproof::Source.ALWAYS_TRUTHY_LITERALS,Constant,Branchproof/Source.md#constant-ALWAYS_TRUTHY_LITERALS
Branchproof::Source.initialize,Method,Branchproof/Source.md#method-i-initialize
Branchproof::Source.inventory,Method,Branchproof/Source.md#method-i-inventory
Branchproof::Source.value_decisions_for,Method,Branchproof/Source.md#method-i-value_decisions_for
Branchproof::Source.limits,Attribute,Branchproof/Source.md#attribute-i-limits
Branchproof::Source.root,Attribute,Branchproof/Source.md#attribute-i-root
Branchproof::Project,Class,Branchproof/Project.md
Branchproof::Project.MODES,Constant,Branchproof/Project.md#constant-MODES
Branchproof::Project.FRAMEWORKS,Constant,Branchproof/Project.md#constant-FRAMEWORKS
Branchproof::Project.RAILS_ENVIRONMENT,Constant,Branchproof/Project.md#constant-RAILS_ENVIRONMENT
Branchproof::Project.initialize,Method,Branchproof/Project.md#method-i-initialize
Branchproof::Project.to_h,Method,Branchproof/Project.md#method-i-to_h
Branchproof::Analyzer,Class,Branchproof/Analyzer.md
Branchproof::Analyzer.CRITERION,Constant,Branchproof/Analyzer.md#constant-CRITERION
Branchproof::Analyzer.call,Method,Branchproof/Analyzer.md#method-i-call
Branchproof::Analyzer.initialize,Method,Branchproof/Analyzer.md#method-i-initialize
Branchproof::Analyzer.missing,Method,Branchproof/Analyzer.md#method-i-missing
Branchproof::Analyzer.pair?,Method,Branchproof/Analyzer.md#method-i-pair-3F
Branchproof::Evidence,Class,Branchproof/Evidence.md
Branchproof::Evidence.SCHEMA_VERSION,Constant,Branchproof/Evidence.md#constant-SCHEMA_VERSION
Branchproof::Evidence.CRITERION_VERSION,Constant,Branchproof/Evidence.md#constant-CRITERION_VERSION
Branchproof::Evidence.TOOL_VERSION,Constant,Branchproof/Evidence.md#constant-TOOL_VERSION
Branchproof::Evidence.diagnose,Method,Branchproof/Evidence.md#method-i-diagnose
Branchproof::Evidence.initialize,Method,Branchproof/Evidence.md#method-i-initialize
Branchproof::Evidence.merge,Method,Branchproof/Evidence.md#method-i-merge
Branchproof::Evidence.record,Method,Branchproof/Evidence.md#method-i-record
Branchproof::Evidence.register_test,Method,Branchproof/Evidence.md#method-i-register_test
Branchproof::Evidence.snapshot,Method,Branchproof/Evidence.md#method-i-snapshot
Branchproof::Evidence.test_phase_counts,Method,Branchproof/Evidence.md#method-i-test_phase_counts
Branchproof::Evidence.inventory,Attribute,Branchproof/Evidence.md#attribute-i-inventory
Branchproof::Evidence.run_id,Attribute,Branchproof/Evidence.md#attribute-i-run_id
Branchproof::Minimizer,Class,Branchproof/Minimizer.md
Branchproof::Minimizer.call,Method,Branchproof/Minimizer.md#method-i-call
Branchproof::Minimizer.initialize,Method,Branchproof/Minimizer.md#method-i-initialize
Branchproof::RakeTask,Class,Branchproof/RakeTask.md
Branchproof::RakeTask.OPTIONS,Constant,Branchproof/RakeTask.md#constant-OPTIONS
Branchproof::RakeTask.REPEATED_FLAGS,Constant,Branchproof/RakeTask.md#constant-REPEATED_FLAGS
Branchproof::RakeTask.DEFAULTS,Constant,Branchproof/RakeTask.md#constant-DEFAULTS
Branchproof::RakeTask.argv,Method,Branchproof/RakeTask.md#method-i-argv
Branchproof::RakeTask.command,Method,Branchproof/RakeTask.md#method-i-command
Branchproof::RakeTask.executable,Method,Branchproof/RakeTask.md#method-i-executable
Branchproof::RakeTask.initialize,Method,Branchproof/RakeTask.md#method-i-initialize
Branchproof::RakeTask.run,Method,Branchproof/RakeTask.md#method-i-run
Branchproof::RakeTask.description,Attribute,Branchproof/RakeTask.md#attribute-i-description
Branchproof::RakeTask.format,Attribute,Branchproof/RakeTask.md#attribute-i-format
Branchproof::RakeTask.framework,Attribute,Branchproof/RakeTask.md#attribute-i-framework
Branchproof::RakeTask.level,Attribute,Branchproof/RakeTask.md#attribute-i-level
Branchproof::RakeTask.minimum,Attribute,Branchproof/RakeTask.md#attribute-i-minimum
Branchproof::RakeTask.missing_only,Attribute,Branchproof/RakeTask.md#attribute-i-missing_only
Branchproof::RakeTask.name,Attribute,Branchproof/RakeTask.md#attribute-i-name
Branchproof::RakeTask.output,Attribute,Branchproof/RakeTask.md#attribute-i-output
Branchproof::RakeTask.project,Attribute,Branchproof/RakeTask.md#attribute-i-project
Branchproof::RakeTask.runner_args,Attribute,Branchproof/RakeTask.md#attribute-i-runner_args
Branchproof::RakeTask.sources,Attribute,Branchproof/RakeTask.md#attribute-i-sources
Branchproof::RakeTask.tests,Attribute,Branchproof/RakeTask.md#attribute-i-tests
Branchproof::RakeTask.view,Attribute,Branchproof/RakeTask.md#attribute-i-view
Branchproof::Comparison,Class,Branchproof/Comparison.md
Branchproof::Comparison.SCHEMA_VERSION,Constant,Branchproof/Comparison.md#constant-SCHEMA_VERSION
Branchproof::Comparison.SUPPORTED_REPORT_SCHEMAS,Constant,Branchproof/Comparison.md#constant-SUPPORTED_REPORT_SCHEMAS
Branchproof::Comparison.CRITERION_VERSION,Constant,Branchproof/Comparison.md#constant-CRITERION_VERSION
Branchproof::Comparison.call,Method,Branchproof/Comparison.md#method-i-call
Branchproof::Comparison.initialize,Method,Branchproof/Comparison.md#method-i-initialize
Branchproof::Constraints::Solver,Class,Branchproof/Constraints/Solver.md
Branchproof::Constraints::Solver.add,Method,Branchproof/Constraints/Solver.md#method-i-add
Branchproof::Constraints::Solver.add_prepared,Method,Branchproof/Constraints/Solver.md#method-i-add_prepared
Branchproof::Constraints::Solver.initialize,Method,Branchproof/Constraints/Solver.md#method-i-initialize
Branchproof::GitChanges,Class,Branchproof/GitChanges.md
Branchproof::GitChanges.call,Method,Branchproof/GitChanges.md#method-i-call
Branchproof::GitChanges.initialize,Method,Branchproof/GitChanges.md#method-i-initialize
Branchproof::HtmlReport,Class,Branchproof/HtmlReport.md
Branchproof::HtmlReport.STYLE,Constant,Branchproof/HtmlReport.md#constant-STYLE
Branchproof::HtmlReport.initialize,Method,Branchproof/HtmlReport.md#method-i-initialize
Branchproof::HtmlReport.render,Method,Branchproof/HtmlReport.md#method-i-render
Branchproof::Instrumenter,Class,Branchproof/Instrumenter.md
Branchproof::Instrumenter.RUNTIME,Constant,Branchproof/Instrumenter.md#constant-RUNTIME
Branchproof::Instrumenter.rewrite,Method,Branchproof/Instrumenter.md#method-i-rewrite
Branchproof::SavedReport,Class,Branchproof/SavedReport.md
Branchproof::SavedReport.SUPPORTED_SCHEMAS,Constant,Branchproof/SavedReport.md#constant-SUPPORTED_SCHEMAS
Branchproof::SavedReport.STRICT_FLOW_SCHEMAS,Constant,Branchproof/SavedReport.md#constant-STRICT_FLOW_SCHEMAS
Branchproof::SavedReport.DECISION_TABLE_STATUSES,Constant,Branchproof/SavedReport.md#constant-DECISION_TABLE_STATUSES
Branchproof::SavedReport.RULE_CONDITION_VALUES,Constant,Branchproof/SavedReport.md#constant-RULE_CONDITION_VALUES
Branchproof::SavedReport.RULE_COVERAGE_STATUSES,Constant,Branchproof/SavedReport.md#constant-RULE_COVERAGE_STATUSES
Branchproof::SavedReport.RULE_REACHABILITY_STATUSES,Constant,Branchproof/SavedReport.md#constant-RULE_REACHABILITY_STATUSES
Branchproof::SavedReport.DECISION_KINDS,Constant,Branchproof/SavedReport.md#constant-DECISION_KINDS
Branchproof::SavedReport.NONBOOLEAN_KINDS,Constant,Branchproof/SavedReport.md#constant-NONBOOLEAN_KINDS
Branchproof::SavedReport.CRITERION_VERSION,Constant,Branchproof/SavedReport.md#constant-CRITERION_VERSION
Branchproof::SavedReport.REQUIRED_FIELDS,Constant,Branchproof/SavedReport.md#constant-REQUIRED_FIELDS
Branchproof::SavedReport.COMPLETENESS_FIELDS,Constant,Branchproof/SavedReport.md#constant-COMPLETENESS_FIELDS
Branchproof::SavedReport.initialize,Method,Branchproof/SavedReport.md#method-i-initialize
Branchproof::SavedReport.validate!,Method,Branchproof/SavedReport.md#method-i-validate-21
Branchproof::SavedReport.read,Method,Branchproof/SavedReport.md#method-c-read
Branchproof::ChangedScope,Class,Branchproof/ChangedScope.md
Branchproof::ChangedScope.call,Method,Branchproof/ChangedScope.md#method-i-call
Branchproof::ChangedScope.initialize,Method,Branchproof/ChangedScope.md#method-i-initialize
Branchproof::Configuration,Class,Branchproof/Configuration.md
Branchproof::Configuration.SCHEMA_VERSION,Constant,Branchproof/Configuration.md#constant-SCHEMA_VERSION
Branchproof::Configuration.PROJECTS,Constant,Branchproof/Configuration.md#constant-PROJECTS
Branchproof::Configuration.FRAMEWORKS,Constant,Branchproof/Configuration.md#constant-FRAMEWORKS
Branchproof::Configuration.MINIMUM_CRITERIA,Constant,Branchproof/Configuration.md#constant-MINIMUM_CRITERIA
Branchproof::Configuration.FIELDS,Constant,Branchproof/Configuration.md#constant-FIELDS
Branchproof::Configuration.load,Method,Branchproof/Configuration.md#method-c-load
Branchproof::GithubReport,Class,Branchproof/GithubReport.md
Branchproof::GithubReport.MARKDOWN_ROWS,Constant,Branchproof/GithubReport.md#constant-MARKDOWN_ROWS
Branchproof::GithubReport.annotations,Method,Branchproof/GithubReport.md#method-i-annotations
Branchproof::GithubReport.initialize,Method,Branchproof/GithubReport.md#method-i-initialize
Branchproof::GithubReport.step_summary,Method,Branchproof/GithubReport.md#method-i-step_summary
Branchproof::RailsSupport::Error,Class,Branchproof/RailsSupport/Error.md
Branchproof::RSpecAdapter,Class,Branchproof/RSpecAdapter.md
Branchproof::RSpecAdapter.FORBIDDEN_OPTIONS,Constant,Branchproof/RSpecAdapter.md#constant-FORBIDDEN_OPTIONS
Branchproof::RSpecAdapter.enter_runner!,Method,Branchproof/RSpecAdapter.md#method-i-enter_runner-21
Branchproof::RSpecAdapter.example_finished,Method,Branchproof/RSpecAdapter.md#method-i-example_finished
Branchproof::RSpecAdapter.example_started,Method,Branchproof/RSpecAdapter.md#method-i-example_started
Branchproof::RSpecAdapter.initialize,Method,Branchproof/RSpecAdapter.md#method-i-initialize
Branchproof::RSpecAdapter.reject_execution!,Method,Branchproof/RSpecAdapter.md#method-i-reject_execution-21
Branchproof::RSpecAdapter.run,Method,Branchproof/RSpecAdapter.md#method-i-run
Branchproof::RSpecAdapter.validate_runner!,Method,Branchproof/RSpecAdapter.md#method-i-validate_runner-21
Branchproof::RSpecAdapter.active_adapter,Attribute,Branchproof/RSpecAdapter.md#attribute-c-active_adapter
Branchproof::RSpecAdapter.runner_adapter,Attribute,Branchproof/RSpecAdapter.md#attribute-c-runner_adapter
Branchproof::RSpecAdapter.late_execution_error,Attribute,Branchproof/RSpecAdapter.md#attribute-i-late_execution_error
Branchproof::RSpecAdapter.tests,Attribute,Branchproof/RSpecAdapter.md#attribute-i-tests
Branchproof::RSpecAdapter::UnsupportedRunner,Class,Branchproof/RSpecAdapter/UnsupportedRunner.md
Branchproof::RSpecAdapter::UnsupportedRunner.diagnostic_code,Method,Branchproof/RSpecAdapter/UnsupportedRunner.md#method-i-diagnostic_code
Branchproof::CoverageIndex,Class,Branchproof/CoverageIndex.md
Branchproof::CoverageIndex.decision_tables,Method,Branchproof/CoverageIndex.md#method-i-decision_tables
Branchproof::CoverageIndex.initialize,Method,Branchproof/CoverageIndex.md#method-i-initialize
Branchproof::CoverageIndex.alternatives,Attribute,Branchproof/CoverageIndex.md#attribute-i-alternatives
Branchproof::CoverageIndex.conditions,Attribute,Branchproof/CoverageIndex.md#attribute-i-conditions
Branchproof::CoverageIndex.tests,Attribute,Branchproof/CoverageIndex.md#attribute-i-tests
Branchproof::FocusedReport,Class,Branchproof/FocusedReport.md
Branchproof::FocusedReport.DECISION_TABLE_LABELS,Constant,Branchproof/FocusedReport.md#constant-DECISION_TABLE_LABELS
Branchproof::FocusedReport.initialize,Method,Branchproof/FocusedReport.md#method-i-initialize
Branchproof::FocusedReport.render,Method,Branchproof/FocusedReport.md#method-i-render
Branchproof::SummaryReport,Class,Branchproof/SummaryReport.md
Branchproof::SummaryReport.RULE_LABELS,Constant,Branchproof/SummaryReport.md#constant-RULE_LABELS
Branchproof::SummaryReport.ORDER_NOTE,Constant,Branchproof/SummaryReport.md#constant-ORDER_NOTE
Branchproof::SummaryReport.SHOWN_TESTS,Constant,Branchproof/SummaryReport.md#constant-SHOWN_TESTS
Branchproof::SummaryReport.EXPRESSION_WIDTH,Constant,Branchproof/SummaryReport.md#constant-EXPRESSION_WIDTH
Branchproof::SummaryReport.initialize,Method,Branchproof/SummaryReport.md#method-i-initialize
Branchproof::SummaryReport.render,Method,Branchproof/SummaryReport.md#method-i-render
Branchproof::SummaryReport.case_lines,Method,Branchproof/SummaryReport.md#method-c-case_lines
Branchproof::SummaryReport.gap_summary,Method,Branchproof/SummaryReport.md#method-c-gap_summary
Branchproof::SummaryReport.one_line,Method,Branchproof/SummaryReport.md#method-c-one_line
Branchproof::SummaryReport.rule_text,Method,Branchproof/SummaryReport.md#method-c-rule_text
Branchproof::CoveragePolicy,Class,Branchproof/CoveragePolicy.md
Branchproof::CoveragePolicy.CRITERIA,Constant,Branchproof/CoveragePolicy.md#constant-CRITERIA
Branchproof::CoveragePolicy.COMPLETENESS_FIELDS,Constant,Branchproof/CoveragePolicy.md#constant-COMPLETENESS_FIELDS
Branchproof::CoveragePolicy.call,Method,Branchproof/CoveragePolicy.md#method-i-call
Branchproof::CoveragePolicy.initialize,Method,Branchproof/CoveragePolicy.md#method-i-initialize
Branchproof::CoveragePolicy.normalize,Method,Branchproof/CoveragePolicy.md#method-c-normalize
Branchproof::SummaryRanking,Class,Branchproof/SummaryRanking.md
Branchproof::SummaryRanking.available?,Method,Branchproof/SummaryRanking.md#method-i-available-3F
Branchproof::SummaryRanking.decisions,Method,Branchproof/SummaryRanking.md#method-i-decisions
Branchproof::SummaryRanking.files,Method,Branchproof/SummaryRanking.md#method-i-files
Branchproof::SummaryRanking.gaps,Method,Branchproof/SummaryRanking.md#method-i-gaps
Branchproof::SummaryRanking.initialize,Method,Branchproof/SummaryRanking.md#method-i-initialize
Branchproof::SummaryRanking.unsupported_count,Method,Branchproof/SummaryRanking.md#method-i-unsupported_count
Branchproof::SummaryRanking.index,Attribute,Branchproof/SummaryRanking.md#attribute-i-index
Branchproof::SummaryRanking::Decision,Class,Branchproof/SummaryRanking/Decision.md
Branchproof::SummaryRanking::Decision.cases_to_test,Method,Branchproof/SummaryRanking/Decision.md#method-i-cases_to_test
Branchproof::SummaryRanking::Decision.gap?,Method,Branchproof/SummaryRanking/Decision.md#method-i-gap-3F
Branchproof::SummaryRanking::Decision.missing_total,Method,Branchproof/SummaryRanking/Decision.md#method-i-missing_total
Branchproof::SummaryRanking::Decision.rule_cases?,Method,Branchproof/SummaryRanking/Decision.md#method-i-rule_cases-3F
Branchproof::SummaryRanking::Decision.alternatives,Attribute,Branchproof/SummaryRanking/Decision.md#attribute-i-alternatives
Branchproof::SummaryRanking::Decision.column,Attribute,Branchproof/SummaryRanking/Decision.md#attribute-i-column
Branchproof::SummaryRanking::Decision.conditions,Attribute,Branchproof/SummaryRanking/Decision.md#attribute-i-conditions
Branchproof::SummaryRanking::Decision.context,Attribute,Branchproof/SummaryRanking/Decision.md#attribute-i-context
Branchproof::SummaryRanking::Decision.expression,Attribute,Branchproof/SummaryRanking/Decision.md#attribute-i-expression
Branchproof::SummaryRanking::Decision.id,Attribute,Branchproof/SummaryRanking/Decision.md#attribute-i-id
Branchproof::SummaryRanking::Decision.kind,Attribute,Branchproof/SummaryRanking/Decision.md#attribute-i-kind
Branchproof::SummaryRanking::Decision.line,Attribute,Branchproof/SummaryRanking/Decision.md#attribute-i-line
Branchproof::SummaryRanking::Decision.missing_alternatives,Attribute,Branchproof/SummaryRanking/Decision.md#attribute-i-missing_alternatives
Branchproof::SummaryRanking::Decision.missing_rules,Attribute,Branchproof/SummaryRanking/Decision.md#attribute-i-missing_rules
Branchproof::SummaryRanking::Decision.relative_path,Attribute,Branchproof/SummaryRanking/Decision.md#attribute-i-relative_path
Branchproof::SummaryRanking::Decision.required_rules,Attribute,Branchproof/SummaryRanking/Decision.md#attribute-i-required_rules
Branchproof::SummaryRanking::Decision.table_calculated,Attribute,Branchproof/SummaryRanking/Decision.md#attribute-i-table_calculated
Branchproof::SummaryRanking::Decision.test_ids,Attribute,Branchproof/SummaryRanking/Decision.md#attribute-i-test_ids
Branchproof::SummaryRanking::Decision.unexecuted,Attribute,Branchproof/SummaryRanking/Decision.md#attribute-i-unexecuted
Branchproof::SummaryRanking::Decision.unproven_conditions,Attribute,Branchproof/SummaryRanking/Decision.md#attribute-i-unproven_conditions
Branchproof::SummaryRanking::SourceFile,Class,Branchproof/SummaryRanking/SourceFile.md
Branchproof::SummaryRanking::SourceFile.alternatives,Method,Branchproof/SummaryRanking/SourceFile.md#method-i-alternatives
Branchproof::SummaryRanking::SourceFile.conditions,Method,Branchproof/SummaryRanking/SourceFile.md#method-i-conditions
Branchproof::SummaryRanking::SourceFile.gaps,Method,Branchproof/SummaryRanking/SourceFile.md#method-i-gaps
Branchproof::SummaryRanking::SourceFile.missing_alternatives,Method,Branchproof/SummaryRanking/SourceFile.md#method-i-missing_alternatives
Branchproof::SummaryRanking::SourceFile.missing_rules,Method,Branchproof/SummaryRanking/SourceFile.md#method-i-missing_rules
Branchproof::SummaryRanking::SourceFile.missing_total,Method,Branchproof/SummaryRanking/SourceFile.md#method-i-missing_total
Branchproof::SummaryRanking::SourceFile.required_rules,Method,Branchproof/SummaryRanking/SourceFile.md#method-i-required_rules
Branchproof::SummaryRanking::SourceFile.unexecuted,Method,Branchproof/SummaryRanking/SourceFile.md#method-i-unexecuted
Branchproof::SummaryRanking::SourceFile.unproven_conditions,Method,Branchproof/SummaryRanking/SourceFile.md#method-i-unproven_conditions
Branchproof::SummaryRanking::SourceFile.decisions,Attribute,Branchproof/SummaryRanking/SourceFile.md#attribute-i-decisions
Branchproof::SummaryRanking::SourceFile.relative_path,Attribute,Branchproof/SummaryRanking/SourceFile.md#attribute-i-relative_path
Branchproof::MinitestAdapter,Class,Branchproof/MinitestAdapter.md
Branchproof::MinitestAdapter.initialize,Method,Branchproof/MinitestAdapter.md#method-i-initialize
Branchproof::MinitestAdapter.run,Method,Branchproof/MinitestAdapter.md#method-i-run
Branchproof::MinitestAdapter.validate_runner!,Method,Branchproof/MinitestAdapter.md#method-i-validate_runner-21
Branchproof::MinitestAdapter.load_framework!,Method,Branchproof/MinitestAdapter.md#method-c-load_framework-21
Branchproof::MinitestAdapter.active_adapter,Attribute,Branchproof/MinitestAdapter.md#attribute-c-active_adapter
Branchproof::MinitestAdapter.tests,Attribute,Branchproof/MinitestAdapter.md#attribute-i-tests
Branchproof::ReportSelection,Class,Branchproof/ReportSelection.md
Branchproof::ReportSelection.active?,Method,Branchproof/ReportSelection.md#method-i-active-3F
Branchproof::ReportSelection.decision_filter_active?,Method,Branchproof/ReportSelection.md#method-i-decision_filter_active-3F
Branchproof::ReportSelection.filter_decisions,Method,Branchproof/ReportSelection.md#method-i-filter_decisions
Branchproof::ReportSelection.focus_active?,Method,Branchproof/ReportSelection.md#method-i-focus_active-3F
Branchproof::ReportSelection.focus_label,Method,Branchproof/ReportSelection.md#method-i-focus_label
Branchproof::ReportSelection.initialize,Method,Branchproof/ReportSelection.md#method-i-initialize
Branchproof::ReportSelection.limit,Method,Branchproof/ReportSelection.md#method-i-limit
Branchproof::ReportSelection.matching_decision_ids,Method,Branchproof/ReportSelection.md#method-i-matching_decision_ids
Branchproof::ReportSelection.selected_decision_ids,Method,Branchproof/ReportSelection.md#method-i-selected_decision_ids
Branchproof::ReportSelection.sort_key,Method,Branchproof/ReportSelection.md#method-i-sort_key
Branchproof::ReportSelection.decision_ids,Attribute,Branchproof/ReportSelection.md#attribute-i-decision_ids
Branchproof::ReportSelection.focus,Attribute,Branchproof/ReportSelection.md#attribute-i-focus
Branchproof::ReportSelection.top,Attribute,Branchproof/ReportSelection.md#attribute-i-top
Branchproof::ComparisonReport,Class,Branchproof/ComparisonReport.md
Branchproof::ComparisonReport.RULE_LABELS,Constant,Branchproof/ComparisonReport.md#constant-RULE_LABELS
Branchproof::ComparisonReport.exit_code,Method,Branchproof/ComparisonReport.md#method-i-exit_code
Branchproof::ComparisonReport.initialize,Method,Branchproof/ComparisonReport.md#method-i-initialize
Branchproof::ComparisonReport.write,Method,Branchproof/ComparisonReport.md#method-i-write
Branchproof::ChangedDecisionMap,Class,Branchproof/ChangedDecisionMap.md
Branchproof::ChangedDecisionMap.CONTROL_NODES,Constant,Branchproof/ChangedDecisionMap.md#constant-CONTROL_NODES
Branchproof::ChangedDecisionMap.call,Method,Branchproof/ChangedDecisionMap.md#method-i-call
